{
    "inputSize": 3,
    "outputSize": 196,
    "learningRate": 0.009999999776482582,
    "iterations": 1000,
    "bias": [
        0.11095290631055832,
        0.0,
        0.06194162741303444,
        0.033786360174417499,
        0.0,
        0.8640264868736267,
        0.8640264868736267,
        1.0904597043991089,
        0.3095594644546509,
        0.8246985673904419,
        0.6560641527175903,
        0.48743003606796267,
        1.0561975240707398,
        0.5911123156547546,
        0.9382121562957764,
        0.7841781377792358,
        0.6396775841712952,
        0.1072583943605423,
        0.6450403928756714,
        0.5946875214576721,
        0.6414651274681091,
        0.3579450845718384,
        90.87179565429688,
        0.49756017327308657,
        0.0,
        0.13723111152648927,
        0.08634298294782639,
        0.06381867080926895,
        0.0,
        0.08634298294782639,
        0.20855791866779328,
        0.8077154755592346,
        0.03962596133351326,
        0.031283728778362277,
        0.012513467110693455,
        0.02502693422138691,
        0.10010773688554764,
        0.01877022534608841,
        0.006256733555346727,
        0.13139159977436067,
        0.02502693422138691,
        0.10427895933389664,
        0.1251349151134491,
        0.07508090138435364,
        0.02502693422138691,
        0.01877022534608841,
        0.05631066486239433,
        429.036865234375,
        0.08634298294782639,
        0.0,
        0.8640264868736267,
        0.0,
        0.8640264868736267,
        0.0,
        0.0,
        0.8640264868736267,
        0.8640264868736267,
        0.8640264868736267,
        0.20855791866779328,
        104.27902221679688,
        0.13347704708576203,
        5.005396842956543,
        0.0,
        0.0,
        0.0,
        0.20855791866779328,
        375.4043884277344,
        0.28155338764190676,
        3.0449483394622804,
        0.0,
        0.0,
        0.0,
        0.20855791866779328,
        542.25048828125,
        0.24401280283927918,
        3.1492249965667726,
        0.0,
        0.0,
        0.0,
        0.8640264868736267,
        0.0,
        17280.5234375,
        0.8640264868736267,
        0.0,
        0.0,
        0.8640264868736267,
        0.0,
        17280.5234375,
        0.8640264868736267,
        0.0,
        0.0,
        0.8640264868736267,
        0.0,
        17280.5234375,
        0.8640264868736267,
        0.0,
        0.0,
        0.8640264868736267,
        0.0,
        17280.5234375,
        0.8640264868736267,
        0.0,
        0.0,
        0.0,
        17.280529022216798,
        0.43201324343681338,
        0.43201324343681338,
        0.8640264868736267,
        0.0,
        0.0,
        0.0,
        0.0,
        0.0,
        0.8640264868736267,
        0.0,
        0.0,
        0.0,
        0.0,
        0.0,
        0.0,
        0.0,
        0.0,
        0.0,
        0.0,
        0.0,
        0.0,
        0.0,
        0.0,
        0.0,
        380.1716613769531,
        0.43201324343681338,
        0.0,
        0.6554688215255737,
        0.0,
        0.0,
        0.0,
        0.0,
        0.0,
        0.7076079249382019,
        0.03962596133351326,
        0.17935973405838014,
        0.05005386844277382,
        0.012513467110693455,
        0.060481760650873187,
        0.06882411241531372,
        0.09385105222463608,
        0.05631066486239433,
        0.06256745755672455,
        0.05631066486239433,
        0.04379716143012047,
        0.04379716143012047,
        0.2377558946609497,
        0.006256733555346727,
        0.031283728778362277,
        313.4331359863281,
        0.43201324343681338,
        0.0,
        0.8640264868736267,
        0.0,
        0.8640264868736267,
        0.0,
        0.8640264868736267,
        0.0,
        0.0,
        0.8640264868736267,
        0.8640264868736267,
        0.0,
        0.0,
        0.8640264868736267,
        0.8640264868736267,
        0.0,
        0.0,
        0.8640264868736267,
        0.8640264868736267,
        0.0,
        0.0,
        0.8640264868736267,
        0.8640264868736267,
        0.0,
        0.0,
        0.8640264868736267,
        0.8640264868736267,
        0.0,
        0.0,
        0.8640264868736267,
        0.8640264868736267,
        0.0,
        0.0,
        0.8640264868736267,
        0.8640264868736267,
        0.0,
        0.0,
        0.8640264868736267,
        -0.08640265464782715,
        4.320132255554199,
        86.40267181396485
    ],