{
    "inputSize": 4,
    "outputSize": 3,
    "learningRate": 0.009999999776482582,
    "iterations": 1000,
    "bias": [
        799.2982788085938,
        628.064208984375,
        2518.95458984375
    ],
    "weights": [
        -337.8787536621094,
        -210.9525146484375,
        -26.52379035949707,
        -116.36996459960938,
        463.8696594238281,
        1520.0899658203125,
        -564.9619140625,
        -534.42333984375,
        139.57496643066407,
        1.3292171955108643,
        -76.06656646728516,
        -136.70155334472657
    ]
}