{
    "inputSize": 4,
    "outputSize": 3,
    "learningRate": 0.009999999776482582,
    "iterations": 1000,
    "bias": [
        441.2076416015625,
        1727.7567138671875,
        2383.449951171875
    ],
    "weights": [
        297.45098876953127,
        -66.36654663085938,
        -1.7646385431289673,
        14.048553466796875,
        -105.25000762939453,
        797.4658813476563,
        -48.796875,
        -990.1724853515625,
        408.055419921875,
        747.8223266601563,
        -66.32561492919922,
        169.2126007080078
    ]
}