{
    "inputSize": 1,
    "outputSize": 1,
    "learningRate": 0.009999999776482582,
    "iterations": 1000,
    "bias": [
        -0.1453162133693695
    ],
    "weights": [
        4.625035285949707
    ]
}